{
  "menu": {
    "courseTitle": "WHAT IS KAIZEN?",
    "modules": [
      {
        "topic": [
          {
            "topicTtile": "SEC  Compliance Readiness",
            "pages":[
              {
                "pageTitle": "Course Introduction",
                "moduleId": 1,
                "topicId": 1,
                "pageId": 1
              },
              {
                "pageTitle": "Course Objectives",
                "moduleId": 1,
                "topicId": 1,
                "pageId": 2
              },
              {
                "pageTitle": "Defining Kaizen",
                "moduleId": 1,
                "topicId": 1,
                "pageId": 3
              },
              {
                "pageTitle": "Why Kaizen",
                "moduleId": 1,
                "topicId": 1,
                "pageId": 4
              },
              {
                "pageTitle": "Check Your Understanding",
                "moduleId": 1,
                "topicId": 1,
                "pageId": 5
              },
              {
                "pageTitle": "Check Your Understanding",
                "moduleId": 1,
                "topicId": 1,
                "pageId": 6
              }
            ]
          }
        ]
      }
    ]
  }
}
