{
  "menu": {
    "courseTitle": "Kiểm soát chi phí nhân công",
    "modules": [
      {
        "topic": [
          {
            "topicTtile": "Kiểm soát chi phí nhân công",
            "pages":[
              {
                "pageTitle": "Giới thiệu",
                "moduleId": 1,
                "topicId": 1,
                "pageId": 1
              },
              {
                "pageTitle": "Hoạt động",
                "moduleId": 1,
                "topicId": 1,
                "pageId": 2
              },
              {
                "pageTitle": "Kiểm tra kiến thức",
                "moduleId": 1,
                "topicId": 1,
                "pageId": 3
              },
              {
                "pageTitle": "Hoạt động",
                "moduleId": 1,
                "topicId": 1,
                "pageId": 4
              },
              {
                "pageTitle": "Tóm lược",
                "moduleId": 1,
                "topicId": 1,
                "pageId": 5
              }
            ]
          }
        ]
      }
    ]
  }
}
